{
	"partitions" : [
		{
			"name" : "Top",
			"pins" : [
				{
					"name" : "RX_LED",
					"strict" : false
				},
				{
					"name" : "UART_CLOCK_LED",
					"strict" : false
				},
				{
					"name" : "TX_LED",
					"strict" : false
				},
				{
					"name" : "RX_FIFO_FULL_LED",
					"strict" : false
				},
				{
					"name" : "TX_FIFO_FULL_LED",
					"strict" : false
				},
				{
					"name" : "LED3",
					"strict" : false
				},
				{
					"name" : "LED2",
					"strict" : false
				},
				{
					"name" : "LED0",
					"strict" : false
				},
				{
					"name" : "LED1",
					"strict" : false
				},
				{
					"name" : "LED4",
					"strict" : false
				},
				{
					"name" : "LED5",
					"strict" : false
				},
				{
					"name" : "LED6",
					"strict" : false
				},
				{
					"name" : "LED7",
					"strict" : false
				},
				{
					"name" : "TX_OUT",
					"strict" : false
				},
				{
					"name" : "RX_IN",
					"strict" : false
				},
				{
					"name" : "RESET_KEY0",
					"strict" : false
				},
				{
					"name" : "PAUSE_KEY1",
					"strict" : false
				}
			]
		}
	]
}