# Copyright (C) 2017  Intel Corporation. All rights reserved.
# Your use of Intel Corporation's design tools, logic functions 
# and other software and tools, and its AMPP partner logic 
# functions, and any output files from any of the foregoing 
# (including device programming or simulation files), and any 
# associated documentation or information are expressly subject 
# to the terms and conditions of the Intel Program License 
# Subscription Agreement, the Intel Quartus Prime License Agreement,
# the Intel FPGA IP License Agreement, or other applicable license
# agreement, including, without limitation, that your use is for
# the sole purpose of programming logic devices manufactured by
# Intel and sold by Intel or its authorized distributors.  Please
# refer to the applicable agreement for further details.

# Quartus Prime Version 17.1.0 Build 590 10/25/2017 SJ Standard Edition
# File: E:\workroom\uart_de0_nano-master\output_files\UART_DE0_Nano.csv
# Generated on: Mon Feb 15 18:46:46 2021

# Note: The column header names should not be changed if you wish to import this .csv file into the Quartus Prime software.

To,Direction,Location,I/O Bank,VREF Group,Fitter Location,I/O Standard,Reserved,Current Strength,Slew Rate,Fitter I/O Rule Results,Differential Pair,Transceiver Analog Settings Protocol,VCCR_GXB/VCCT_GXB Voltage,Transceiver I/O Pin Termination,Transceiver Dedicated Refclk Pin Termination,Transmitter Common Mode Driver Voltage,Transmitter Slew Rate Control,Transmitter Differential Output Voltage,Receiver Buffer Common Mode Voltage,Strict Preservation
CLOCK_50,Input,,,,PIN_V11,,,,,Pass,,,,,,,,,,
PAUSE_KEY1,Input,,,,PIN_AG5,,,,,Pass,,,,,,,,,,
RESET_KEY0,Input,,,,PIN_W11,,,,,Pass,,,,,,,,,,
RX_FIFO_FULL_LED,Output,,,,PIN_T12,,,,,Pass,,,,,,,,,,
RX_IN,Input,,,,PIN_AF11,,,,,Pass,,,,,,,,,,
RX_LED,Output,,,,PIN_AF7,,,,,Pass,,,,,,,,,,
TX_FIFO_FULL_LED,Output,,,,PIN_T13,,,,,Pass,,,,,,,,,,
TX_LED,Output,,,,PIN_AD12,,,,,Pass,,,,,,,,,,
TX_OUT,Output,,,,PIN_AG6,,,,,Pass,,,,,,,,,,
UART_CLOCK_LED,Output,,,,PIN_W8,,,,,Pass,,,,,,,,,,
user_reserve_1,Output,,,,PIN_AF22,,as output driving ground,,,Pass,,,,,,,,,,
