{
	"system" : {
		"platform" : "windows64",
		"os_name" : "Windows 10",
		"os_version" : "10.0"
	},
	"error" : {
		"executable" : "quartus",
		"comment" : "not_applicable",
		"error_message" : "Data not valid",
		"source_file" : "/quartus/ace/acvq/acvqm/../h/acvq_utility.h",
		"line" : "1066",
		"stack_trace" : "\t0x7ff80ab47e35: ACE_ACVQ_ACVQM + 0x17e35 (?initialize@ACVQM_PAINTER@@QEAAXXZ + 0xa5)\n\t0x7ff80ab85e76: ACE_ACVQ_ACVQM + 0x55e76 (?load@ACVQM_LOADER@@QEAA_NPEAPEAVACVQM_NETLIST@@PEAPEAVACVQM_CHIP@@PEAPEAVACVQM_MAPPER@@PEAPEAVACVQM_PAINTER@@PEAVACVQM_DETAIL_LEVEL_ENFORCER@@@Z + 0x2c6)\n\t0x7ff80ab86735: ACE_ACVQ_ACVQM + 0x56735 (?project_loader_action@ACVQM_LOADER@@QEAA_NW4PROJECT_LOADER_ACTION@ACVQ_MODEL_IFC_FOR_CTRL@@PEAPEAVACVQM_NETLIST@@PEAPEAVACVQM_CHIP@@PEAPEAVACVQM_MAPPER@@PEAPEAVACVQM_PAINTER@@PEAVACVQM_DETAIL_LEVEL_ENFORCER@@@Z + 0x75)\n\t0x7ff80ab722b0: ACE_ACVQ_ACVQM + 0x422b0 (?project_loader_action@ACVQM_MODEL_IFC_FOR_CTRL_IMPL@@UEAA_NW4PROJECT_LOADER_ACTION@ACVQ_MODEL_IFC_FOR_CTRL@@@Z + 0x40)\n\t0x7ff8220e5b3a: ace_acvq_acvqc + 0x5b3a (?project_open@ACVQC_CONTROLLER@@QEAA_N_N@Z + 0x1a)\n\t0x7ff80ac9d012: ACE_ACVQ_ACVQV + 0x2d012 (?setup_project@ACVQV_FRAME_WND@@QEAAXXZ + 0x22)\n\t0x7ff859ed17f4: ace_acvq + 0x17f4 (?acvq_initialize_all@@YAXPEAVACVQV_FRAME_WND@@_N@Z + 0x194)\n\t0x7ff859ed2786: ace_acvq + 0x2786 (ace_acvq_create_frame_wnd + 0xd6)\n\t0x7ff84a30c0f0: SYS_QUI + 0x1c0f0 (?create_frame_wnd@QUI_FRAME_MGR@@IEAAPEAVQUI_FRAME_WND@@W4QUI_FW_STATE_ENUM@@PEAVQUI_FRAME_INFO@@_N@Z + 0x190)\n\t0x7ff84a30bcd9: SYS_QUI + 0x1bcd9 (?create_frame_wnd@QUI_FRAME_MGR@@IEAAPEAVQUI_FRAME_WND@@PEAVQUI_FRAME_INFO@@_N1@Z + 0x2a9)\n\t0x7ff84a30c69a: SYS_QUI + 0x1c69a (?create_new@QUI_FRAME_MGR@@QEAAXPEAVQUI_FRAME_INFO@@_N1@Z + 0x11a)\n\t0x7ff84a3831bd: SYS_QUI + 0x931bd (qui_locate + 0x51d)\n\t 0x66a24410: tcl86 + 0x14410 (TclInvokeStringCommand + 0xf0)\n\t 0x66a261e2: tcl86 + 0x161e2 (TclNRRunCallbacks + 0x62)\n\t 0x66a27a65: tcl86 + 0x17a65 (TclEvalEx + 0xa65)\n\t 0x66a28257: tcl86 + 0x18257 (Tcl_Eval + 0x37)\n\t0x7ff8662c0397: ccl_atcl + 0x10397 (?atcl_tcl_eval@@YAHPEAUTcl_Interp@@AEBV?$basic_string@DU?$char_traits@D@std@@V?$allocator@D@2@@std@@@Z + 0x117)\n\t0x7ff84a36828c: SYS_QUI + 0x7828c (?qui_locate@@YA_NU_GUID@@PEAVMSG_LOCATION_SCHEMA@@_N@Z + 0xa6c)\n\t0x7ff811eb6cd0: prj_pplq + 0xd6cd0 (?on_locate@PPLQ_FRAME_WND@@QEAAXU_GUID@@@Z + 0x110)\n\t0x7ff811de68ae: prj_pplq + 0x68ae (?qt_static_metacall@PPLQ_FRAME_WND@@CAXPEAVQObject@@W4Call@QMetaObject@@HPEAPEAX@Z + 0x2de)\n\t 0x658ac420: QtCore4 + 0x11c420 (?activate@QMetaObject@@SAXPEAVQObject@@PEBU1@HPEAPEAX@Z + 0x520)\n\t0x7ff83d181226: GCL_AFCQ + 0xb1226 (?locate_triggered@AFCQ_LOCATE_MENU@@IEAAXU_GUID@@@Z + 0x26)\n\t0x7ff83d175763: GCL_AFCQ + 0xa5763 (?locate_trigger_translator@AFCQ_LOCATE_MENU@@AEAAXXZ + 0x123)\n\t0x7ff83d180726: GCL_AFCQ + 0xb0726 (?qt_static_metacall@AFCQ_LOCATE_MENU@@CAXPEAVQObject@@W4Call@QMetaObject@@HPEAPEAX@Z + 0x16)\n\t 0x658ac420: QtCore4 + 0x11c420 (?activate@QMetaObject@@SAXPEAVQObject@@PEBU1@HPEAPEAX@Z + 0x520)\n\t 0x65a8a23f: QtGui4 + 0xa23f (?activate@QAction@@QEAAXW4ActionEvent@1@@Z + 0xdf)\n\t 0x65e35c03: QtGui4 + 0x3b5c03 (?actionGeometry@QMenu@@QEBA?AVQRect@@PEAVQAction@@@Z + 0x443)\n\t 0x65e35a95: QtGui4 + 0x3b5a95 (?actionGeometry@QMenu@@QEBA?AVQRect@@PEAVQAction@@@Z + 0x2d5)\n\t 0x65ae0794: QtGui4 + 0x60794 (?event@QWidget@@MEAA_NPEAVQEvent@@@Z + 0xd4)\n\t 0x65e36934: QtGui4 + 0x3b6934 (?event@QMenu@@MEAA_NPEAVQEvent@@@Z + 0x284)\n\t 0x65aa2e95: QtGui4 + 0x22e95 (?notify_helper@QApplicationPrivate@@QEAA_NPEAVQObject@@PEAVQEvent@@@Z + 0xf5)\n\t 0x65aa1a8e: QtGui4 + 0x21a8e (?notify@QApplication@@UEAA_NPEAVQObject@@PEAVQEvent@@@Z + 0x71e)\n\t 0x6589d92b: QtCore4 + 0x10d92b (?notifyInternal@QCoreApplication@@AEAA_NPEAVQObject@@PEAVQEvent@@@Z + 0x7b)\n\t 0x65aa5cfe: QtGui4 + 0x25cfe (?sendMouseEvent@QApplicationPrivate@@SA_NPEAVQWidget@@PEAVQMouseEvent@@00PEAPEAV2@AEAV?$QPointer@VQWidget@@@@_N@Z + 0x1de)\n\t 0x65b05366: QtGui4 + 0x85366 (?trUtf8@QScrollBar@@SA?AVQString@@PEBD0H@Z + 0x10b6)\n\t 0x65b090b1: QtGui4 + 0x890b1 (?winMouseButtonUp@QApplication@@SAXXZ + 0x2761)\n\t0x7ff87da9e857: USER32 + 0xe857 (CallWindowProcW + 0x3f7)\n\t0x7ff87da9e298: USER32 + 0xe298 (DispatchMessageW + 0x258)\n\t 0x658c2802: QtCore4 + 0x132802 (?processEvents@QEventDispatcherWin32@@UEAA_NV?$QFlags@W4ProcessEventsFlag@QEventLoop@@@@@Z + 0x3e2)\n\t 0x65b00eb4: QtGui4 + 0x80eb4 (?openPopup@QApplicationPrivate@@QEAAXPEAVQWidget@@@Z + 0x204)\n\t 0x6589a88b: QtCore4 + 0x10a88b (?exec@QEventLoop@@QEAAHV?$QFlags@W4ProcessEventsFlag@QEventLoop@@@@@Z + 0x22b)\n\t 0x65e36a56: QtGui4 + 0x3b6a56 (?exec@QMenu@@QEAAPEAVQAction@@AEBVQPoint@@PEAV2@@Z + 0x76)\n\t0x7ff811e3f753: prj_pplq + 0x5f753 (?contextMenuEvent@PPLQ_VIEW_FRAME@@MEAAXPEAVQContextMenuEvent@@@Z + 0x193)\n\t 0x65ae0c7e: QtGui4 + 0x60c7e (?event@QWidget@@MEAA_NPEAVQEvent@@@Z + 0x5be)\n\t 0x65e02676: QtGui4 + 0x382676 (?event@QFrame@@MEAA_NPEAVQEvent@@@Z + 0x36)\n\t 0x65aa2e95: QtGui4 + 0x22e95 (?notify_helper@QApplicationPrivate@@QEAA_NPEAVQObject@@PEAVQEvent@@@Z + 0xf5)\n\t 0x65aa1e36: QtGui4 + 0x21e36 (?notify@QApplication@@UEAA_NPEAVQObject@@PEAVQEvent@@@Z + 0xac6)\n\t 0x6589d92b: QtCore4 + 0x10d92b (?notifyInternal@QCoreApplication@@AEAA_NPEAVQObject@@PEAVQEvent@@@Z + 0x7b)\n\t 0x65b0574f: QtGui4 + 0x8574f (?trUtf8@QScrollBar@@SA?AVQString@@PEBD0H@Z + 0x149f)\n\t 0x65b090b1: QtGui4 + 0x890b1 (?winMouseButtonUp@QApplication@@SAXXZ + 0x2761)\n\t0x7ff87da9e857: USER32 + 0xe857 (CallWindowProcW + 0x3f7)\n\t0x7ff87da9e298: USER32 + 0xe298 (DispatchMessageW + 0x258)\n\t 0x658c2802: QtCore4 + 0x132802 (?processEvents@QEventDispatcherWin32@@UEAA_NV?$QFlags@W4ProcessEventsFlag@QEventLoop@@@@@Z + 0x3e2)\n\t 0x65b00eb4: QtGui4 + 0x80eb4 (?openPopup@QApplicationPrivate@@QEAAXPEAVQWidget@@@Z + 0x204)\n\t 0x6589a88b: QtCore4 + 0x10a88b (?exec@QEventLoop@@QEAAHV?$QFlags@W4ProcessEventsFlag@QEventLoop@@@@@Z + 0x22b)\n\t 0x6589ce6f: QtCore4 + 0x10ce6f (?exec@QCoreApplication@@SAHXZ + 0xdf)\n\t0x7ff75fca197b: quartus + 0x197b (?qgq_main@@YAHHPEAPEBD@Z + 0x7b)\n\t0x7ff866d22e98: CCL_MSG + 0x12e98 (?msg_main_thread@@YAPEAXPEAX@Z + 0x18)\n\t0x7ff866d2467e: CCL_MSG + 0x1467e (?msg_thread_wrapper@@YAPEAXP6APEAXPEAX@Z0@Z + 0x6e)\n\t0x7ff866e26660: ccl_mem + 0x16660 (?mem_thread_wrapper@@YAPEAXP6APEAXPEAX@Z0@Z + 0x70)\n\t0x7ff866d22761: CCL_MSG + 0x12761 (?msg_exe_main@@YAHHPEAPEBDP6AHH0@Z@Z + 0xa1)\n\t0x7ff75fca24e7: quartus + 0x24e7 (WinMain + 0x127)\n\t0x7ff75fca1e58: quartus + 0x1e58 (__tmainCRTStartup + 0x148)\n\t0x7ff87dc77033: KERNEL32 + 0x17033 (BaseThreadInitThunk + 0x13)\n\t0x7ff87e59d240: ntdll + 0x4d240 (RtlUserThreadStart + 0x20)\n",
		"subsystem" : "ACVQM"
	},
	"quartus" : {
		"quartus_bits" : "64",
		"version" : "17.1.0",
		"build" : "590",
		"edition" : "Standard Edition"
	}
}